번호,파일이름,핵심,장소,대사
001,001.mp3,O,병원,병원에 왔어요!
002,002.mp3,O,병원,어디가 아파서 왔나요? 선생님이 봐 줄게요.
003,003.mp3,O,소방서,소방서에 왔어요!
004,004.mp3,O,소방서,불이 나면 119에 전화해요!
005,005.mp3,O,경찰서,경찰서에 왔어요!
006,006.mp3,O,경찰서,길을 잃으면 경찰관에게 도와 달라고 해요.
007,007.mp3,O,도서관,도서관에 왔어요!
008,008.mp3,O,도서관,쉿! 도서관에서는 작은 목소리로 말해요.
009,009.mp3,O,문정유치원,문정유치원에 왔어요!
010,010.mp3,O,문정유치원,여기는 문정유치원 새들1반이에요!
011,011.mp3,O,미용실,미용실에 왔어요!
012,012.mp3,O,미용실,어서 오세요! 어떤 머리를 해 줄까요?
013,013.mp3,O,마트,마트에 왔어요!
014,014.mp3,O,마트·과일가게·다이소,갖고 싶은 물건을 골라 보세요. 가격표를 잘 보세요!
015,015.mp3,O,과일가게,과일가게에 왔어요!
016,016.mp3,O,다이소,다이소에 왔어요!
017,017.mp3,O,한성아파트,한성아파트에 왔어요!
018,018.mp3,O,한성아파트,안녕! 나는 시나모롤이야. 우리 집에 잘 왔어!
019,019.mp3,O,오네뜨아파트,오네뜨아파트에 왔어요!
020,020.mp3,O,오네뜨아파트,안녕! 나는 쿠로미야. 우리 집에 잘 왔어!
021,021.mp3,O,골드클래스 아파트,골드클래스 아파트에 왔어요!
022,022.mp3,O,골드클래스 아파트,안녕! 나는 헬로키티야. 우리 집에 잘 왔어!
023,023.mp3,O,광신프로그레스 아파트,광신프로그레스 아파트에 왔어요!
024,024.mp3,O,광신프로그레스 아파트,안녕! 나는 포차코야. 우리 집에 잘 왔어!
025,025.mp3,O,횡단보도,횡단보도에 왔어요!
026,026.mp3,O,횡단보도,"앗, 빨간불이에요! 초록불이 될 때까지 기다려요."
027,027.mp3,O,횡단보도,초록불이 켜졌어요! 차가 멈추면 손을 들고 건너요.
028,028.mp3,O,횡단보도,"손을 번쩍 들고, 좌우를 살피며 건너요!"
029,029.mp3,O,횡단보도,잘 건넜어요! 최고예요!
030,030.mp3,O,횡단보도,빨간불! 이제 멈춰서 기다려요.
031,031.mp3,,병원,삐뽀삐뽀! 아픈 사람을 태우러 가요.
032,032.mp3,,병원,다친 곳에는 밴드를 붙여요.
033,033.mp3,,병원,약은 어른이 주실 때만 먹어요.
034,034.mp3,,병원,아 입을 크게 벌려 볼까요?
035,035.mp3,,병원,손을 깨끗이 씻으면 감기에 안 걸려요!
036,036.mp3,,병원,"쿵쿵, 쿵쿵! 심장 소리가 들려요."
037,037.mp3,,병원,"삐빅! 36.5도, 열이 없어요."
038,038.mp3,,병원,삐빅! 열을 재 볼게요.
039,039.mp3,,병원,푹 쉬면 금방 나아요. 쿨쿨
040,040.mp3,,병원,포차코가 쉬고 있어요. 쉿!
041,041.mp3,,소방서,땡땡땡! 출동!
042,042.mp3,,소방서,소방관 모자는 머리를 지켜 줘요.
043,043.mp3,,소방서,노란 모자는 대장님 거예요!
044,044.mp3,,소방서,쏴아아! 물로 불을 꺼요.
045,045.mp3,,소방서,삐용삐용! 불 끄러 출동해요!
046,046.mp3,,소방서,불이 나면 코와 입을 막고 낮게 나가요.
047,047.mp3,,경찰서,우리 동네를 안전하게 지켜요!
048,048.mp3,,경찰서,치익- 여기는 우리동네 경찰서!
049,049.mp3,,경찰서,치익- 모두 안전합니다!
050,050.mp3,,경찰서,노란불! 곧 바뀌어요. 조심!
051,051.mp3,,경찰서,초록불! 손 들고 건너요.
052,052.mp3,,경찰서,빨간불! 멈춰서 기다려요.
053,053.mp3,,경찰서,삐용삐용! 경찰차가 출동해요!
054,054.mp3,,도서관,공룡 그림책이에요. 쿵쾅쿵쾅!
055,055.mp3,,도서관,우주 그림책이에요. 반짝반짝 별나라!
056,056.mp3,,도서관,자동차 그림책이에요. 부릉부릉!
057,057.mp3,,도서관,바다 그림책이에요. 첨벙첨벙!
058,058.mp3,,도서관,곤충 그림책이에요. 무당벌레가 엉금엉금!
059,059.mp3,,도서관,"똑딱똑딱, 책 읽는 시간이에요."
060,060.mp3,,도서관,다 읽은 책은 제자리에 꽂아요.
061,061.mp3,,도서관,쾅! 도장 찍고 책을 빌려 가요.
062,062.mp3,,문정유치원,"우리 반 친구들, 안녕!"
063,063.mp3,,문정유치원,블록을 두 개 쌓았어요!
064,064.mp3,,문정유치원,블록을 세 개 쌓았어요!
065,065.mp3,,문정유치원,블록을 네 개 쌓았어요!
066,066.mp3,,문정유치원,블록을 다섯 개 쌓았어요!
067,067.mp3,,문정유치원,블록을 여섯 개 쌓았어요!
068,068.mp3,,문정유치원,블록을 일곱 개 쌓았어요!
069,069.mp3,,문정유치원,슝 미끄럼틀 재밌다!
070,070.mp3,,문정유치원,알록달록 그림을 그려요.
071,071.mp3,,문정유치원,이번엔 무지개를 그렸어요!
072,072.mp3,,문정유치원,해님도 그려 볼까요?
073,073.mp3,,문정유치원,"새들1반 친구들, 오늘도 즐겁게 놀아요!"
074,074.mp3,,문정유치원,친구와 사이좋게 지내요.
075,075.mp3,,지도 (읽어 주기 버튼),말풍선을 읽어 줄게요.
076,076.mp3,,문정유치원,와르르! 다시 쌓아 볼까요?
077,077.mp3,,미용실,빙글빙글! 미용실 표시등이에요.
078,078.mp3,,미용실,싹둑싹둑! 리본을 달았어요.
079,079.mp3,,미용실,꽃 머리띠 완성! 예뻐요.
080,080.mp3,,미용실,반짝반짝 왕관을 썼어요!
081,081.mp3,,미용실,뽀글뽀글 파마하는 중이에요!
082,082.mp3,,미용실,처음 모습이에요. 이제 멋을 내 볼까요?
083,083.mp3,,미용실,"머리를 감고, 자르고, 말려요."
084,084.mp3,,미용실,위잉 따뜻한 바람으로 머리를 말려요.
085,085.mp3,,미용실,보글보글! 거품으로 머리를 감아요.
086,086.mp3,,마트·과일가게·다이소,지갑에 돈이 모자라요! 이제 계산대로 가요.
087,087.mp3,,마트·과일가게·다이소,아직 비어 있어요. 물건을 눌러 담아요!
088,088.mp3,,한성아파트,"냉장고 안에 우유, 사과, 달걀, 딸기가 있어요!"
089,089.mp3,,한성아파트,냉장고 문은 꼭 닫아요.
090,090.mp3,,한성아파트,폼폼푸린이 맛있는 밥을 만들어요!
091,091.mp3,,한성아파트,손 씻고 밥 먹자!
092,092.mp3,,한성아파트,보글보글 맛있는 국을 끓여요. 뜨거우니까 조심!
093,093.mp3,,한성아파트,동물 친구들이 나와요. 개굴개굴!
094,094.mp3,,한성아파트,날씨 예보: 내일은 맑고 구름 조금!
095,095.mp3,,한성아파트,TV를 껐어요. 너무 오래 보면 눈이 아파요.
096,096.mp3,,한성아파트,만화 시간이에요! 하하하.
097,097.mp3,,한성아파트,5층 우리 집에 놀러 와 줘서 고마워!
098,098.mp3,,한성아파트,물을 주었어요. 쑥쑥!
099,099.mp3,,한성아파트,조금 더 자랐어요. 쑥쑥쑥!
100,100.mp3,,한성아파트,"와, 예쁜 꽃이 피었어요!"
101,101.mp3,,한성아파트,화분에 새싹이 났어요. 다시 키워 볼까요?
102,102.mp3,,한성아파트,통통통! 공놀이 할까요?
103,103.mp3,,한성아파트,쉿! 포차코가 자고 있어요. 쿨쿨
104,104.mp3,,한성아파트,불을 껐어요. 이제 잘 시간! 잘 자요
105,105.mp3,,한성아파트,불을 켰어요. 좋은 아침!
106,106.mp3,,오네뜨아파트,마이멜로디가 맛있는 밥을 만들어요!
107,107.mp3,,오네뜨아파트,3층 우리 집에 놀러 와 줘서 고마워!
108,108.mp3,,오네뜨아파트,쉿! 케로피가 자고 있어요. 쿨쿨
109,109.mp3,,골드클래스 아파트,곰돌이가 맛있는 밥을 만들어요!
110,110.mp3,,골드클래스 아파트,12층 우리 집에 놀러 와 줘서 고마워!
111,111.mp3,,골드클래스 아파트,쉿! 시나모롤이 자고 있어요. 쿨쿨
112,112.mp3,,광신프로그레스 아파트,케로피가 맛있는 밥을 만들어요!
113,113.mp3,,광신프로그레스 아파트,8층 우리 집에 놀러 와 줘서 고마워!
114,114.mp3,,광신프로그레스 아파트,쉿! 쿠로미가 자고 있어요. 쿨쿨
115,115.mp3,,횡단보도,빵빵! 차가 지나가요. 조심!
116,116.mp3,,횡단보도,지금은 초록불이에요. 손을 들고 건너요!
117,117.mp3,,횡단보도,빵빵! 차는 정지선에서 멈춰요.
118,118.mp3,,횡단보도,잠깐! 차가 지나가고 있어요. 차가 멈추면 건너요.
119,119.mp3,,가게 (물건 가격),사과는 천 원!
120,120.mp3,,가게 (물건 가격),바나나는 이천 원!
121,121.mp3,,가게 (물건 가격),당근은 천 원!
122,122.mp3,,가게 (물건 가격),우유는 이천 원!
123,123.mp3,,가게 (물건 가격),빵은 삼천 원!
124,124.mp3,,가게 (물건 가격),포도는 삼천 원!
125,125.mp3,,가게 (물건 가격),수박은 오천 원!
126,126.mp3,,가게 (물건 가격),달걀은 삼천 원!
127,127.mp3,,가게 (물건 가격),딸기는 삼천 원!
128,128.mp3,,가게 (물건 가격),귤은 천 원!
129,129.mp3,,가게 (물건 가격),연필은 천 원!
130,130.mp3,,가게 (물건 가격),공책은 이천 원!
131,131.mp3,,가게 (물건 가격),풍선은 천 원!
132,132.mp3,,가게 (물건 가격),머리핀은 이천 원!
133,133.mp3,,가게 (물건 가격),컵은 삼천 원!
134,134.mp3,,가게 (물건 가격),공은 오천 원!
135,135.mp3,,가게 (담은 합계),모두 천 원.
136,136.mp3,,가게 (담은 합계),모두 이천 원.
137,137.mp3,,가게 (담은 합계),모두 삼천 원.
138,138.mp3,,가게 (담은 합계),모두 사천 원.
139,139.mp3,,가게 (담은 합계),모두 오천 원.
140,140.mp3,,가게 (담은 합계),모두 육천 원.
141,141.mp3,,가게 (담은 합계),모두 칠천 원.
142,142.mp3,,가게 (담은 합계),모두 팔천 원.
143,143.mp3,,가게 (담은 합계),모두 구천 원.
144,144.mp3,,가게 (담은 합계),모두 만 원.
145,145.mp3,,가게 (계산대),모두 천 원이에요. 돈을 내 주세요!
146,146.mp3,,가게 (계산대),모두 이천 원이에요. 돈을 내 주세요!
147,147.mp3,,가게 (계산대),모두 삼천 원이에요. 돈을 내 주세요!
148,148.mp3,,가게 (계산대),모두 사천 원이에요. 돈을 내 주세요!
149,149.mp3,,가게 (계산대),모두 오천 원이에요. 돈을 내 주세요!
150,150.mp3,,가게 (계산대),모두 육천 원이에요. 돈을 내 주세요!
151,151.mp3,,가게 (계산대),모두 칠천 원이에요. 돈을 내 주세요!
152,152.mp3,,가게 (계산대),모두 팔천 원이에요. 돈을 내 주세요!
153,153.mp3,,가게 (계산대),모두 구천 원이에요. 돈을 내 주세요!
154,154.mp3,,가게 (계산대),모두 만 원이에요. 돈을 내 주세요!
155,155.mp3,,가게 (장바구니),모두 천 원어치 담았어요!
156,156.mp3,,가게 (장바구니),모두 이천 원어치 담았어요!
157,157.mp3,,가게 (장바구니),모두 삼천 원어치 담았어요!
158,158.mp3,,가게 (장바구니),모두 사천 원어치 담았어요!
159,159.mp3,,가게 (장바구니),모두 오천 원어치 담았어요!
160,160.mp3,,가게 (장바구니),모두 육천 원어치 담았어요!
161,161.mp3,,가게 (장바구니),모두 칠천 원어치 담았어요!
162,162.mp3,,가게 (장바구니),모두 팔천 원어치 담았어요!
163,163.mp3,,가게 (장바구니),모두 구천 원어치 담았어요!
164,164.mp3,,가게 (장바구니),모두 만 원어치 담았어요!
165,165.mp3,,가게 (돈 세기),천 원!
166,166.mp3,,가게 (돈 세기),이천 원!
167,167.mp3,,가게 (돈 세기),삼천 원!
168,168.mp3,,가게 (돈 세기),사천 원!
169,169.mp3,,가게 (돈 세기),오천 원!
170,170.mp3,,가게 (돈 세기),육천 원!
171,171.mp3,,가게 (돈 세기),칠천 원!
172,172.mp3,,가게 (돈 세기),팔천 원!
173,173.mp3,,가게 (돈 세기),구천 원!
174,174.mp3,,가게 (돈 세기),만 원!
175,175.mp3,,가게 (돈 세기),딱 맞게 냈어요. 고맙습니다!
176,176.mp3,,문정유치원,안녕하세요! 저는 박상현 선생님이에요.
